Method,N_Users,HR@5,HR@10,MRR,Precision@5,Recall@5,F1@5,NDCG@5,NDCG@10,Diversity,Coverage,Time (s)
Popular,200,0.1,0.1,0.04158333333333333,0.02,0.05,0.028571428571428577,0.03442239361395144,0.03442239361395144,0.929,0.000217235461516738,0.040450096130371094
Hybrid (Your System),200,0.09,0.09,0.0315,0.018000000000000002,0.045,0.02571428571428572,0.02797101906785779,0.02797101906785779,1.0,0.000325853192275107,153.65272736549377
Content-Based,200,0.005,0.005,0.001,0.001,0.0025,0.0014285714285714288,0.001185988563846481,0.001185988563846481,0.452,0.014533052375469771,10.349846124649048
Recent,200,0.0,0.0,0.0,0.0,0.0,0.0,0.0,0.0,1.0,0.000108617730758369,0.03600311279296875
Random,200,0.0,0.0,0.0,0.0,0.0,0.0,0.0,0.0,0.97,0.021397692959398692,0.2944622039794922
Item-kNN,200,0.0,0.0,0.0,0.0,0.0,0.0,0.0,0.0,0.7959999999999999,0.004561944691851498,0.42497849464416504
Collaborative,200,0.0,0.0,0.0,0.0,0.0,0.0,0.0,0.0,0.8029999999999999,0.004931244976429952,8.902636289596558
