Method,N_Users,HR@5,HR@10,MRR,Precision@5,Recall@5,F1@5,NDCG@5,NDCG@10,Diversity,Coverage,Time (s)
Popular,50,0.12,0.12,0.04066666666666666,0.024,0.06,0.034285714285714294,0.03700689811069509,0.03700689811069509,0.9279999999999999,0.000217235461516738,0.036776065826416016
Content-Based,50,0.02,0.02,0.004,0.004,0.01,0.005714285714285715,0.004743954255385924,0.004743954255385924,0.45599999999999996,0.004540221145699824,2.5481116771698
Random,50,0.0,0.0,0.0,0.0,0.0,0.0,0.0,0.0,0.968,0.005409162991766776,0.1031026840209961
Recent,50,0.0,0.0,0.0,0.0,0.0,0.0,0.0,0.0,1.0,0.000108617730758369,0.03260970115661621
Item-kNN,50,0.0,0.0,0.0,0.0,0.0,0.0,0.0,0.0,0.764,0.0019985662459539896,0.147080659866333
Collaborative,50,0.0,0.0,0.0,0.0,0.0,0.0,0.0,0.0,0.8,0.002476484261290813,2.5955824851989746
Hybrid (Your System),50,0.0,0.0,0.0,0.0,0.0,0.0,0.0,0.0,1.0,0.002845784545869268,37.105485677719116
