Method,N_Users,HR@5,HR@10,MRR,Precision@5,Recall@5,F1@5,NDCG@5,NDCG@10,Diversity,Coverage,Time (s)
Popular,200,0.1,0.1,0.04158333333333333,0.02,0.05,0.028571428571428577,0.03442239361395144,0.03442239361395144,0.929,0.000217235461516738,0.03808331489562988
Hybrid (Your System),200,0.055,0.055,0.024166666666666666,0.011000000000000001,0.0275,0.015714285714285715,0.01945491165909137,0.01945491165909137,1.0,0.0003041296461234332,137.5543897151947
Content-Based,200,0.005,0.005,0.001,0.001,0.0025,0.0014285714285714288,0.001185988563846481,0.001185988563846481,0.452,0.014533052375469771,10.278242111206055
Recent,200,0.0,0.0,0.0,0.0,0.0,0.0,0.0,0.0,1.0,0.000108617730758369,0.033922672271728516
Random,200,0.0,0.0,0.0,0.0,0.0,0.0,0.0,0.0,0.975,0.021462863597853713,0.29741811752319336
Item-kNN,200,0.0,0.0,0.0,0.0,0.0,0.0,0.0,0.0,0.7959999999999999,0.004561944691851498,0.4384748935699463
Collaborative,200,0.0,0.0,0.0,0.0,0.0,0.0,0.0,0.0,0.8029999999999999,0.004931244976429952,9.013587474822998
