Method,N_Users,HR@5,HR@10,MRR,Precision@5,Recall@5,F1@5,NDCG@5,NDCG@10,Diversity,Coverage,Time (s)
Popular,500,0.086,0.086,0.03213333333333333,0.017200000000000003,0.043,0.024571428571428577,0.027856815236363665,0.027856815236363665,0.9316,0.0002824060999717594,0.04308891296386719
Hybrid (Your System),500,0.07,0.07,0.025,0.014,0.035,0.020000000000000004,0.022048451435546786,0.022048451435546786,1.0,0.0003910238307301284,384.3104453086853
Content-Based,500,0.012,0.012,0.006233333333333333,0.0024000000000000002,0.006,0.003428571428571429,0.004681414827276525,0.004681414827276525,0.46520000000000006,0.028892316381726152,28.24929428100586
Recent,500,0.0,0.0,0.0,0.0,0.0,0.0,0.0,0.0,1.0,0.000108617730758369,0.03795909881591797
Random,500,0.0,0.0,0.0,0.0,0.0,0.0,0.0,0.0,0.9712000000000001,0.053048899702387416,0.654268741607666
Item-kNN,500,0.0,0.0,0.0,0.0,0.0,0.0,0.0,0.0,0.8004000000000001,0.008081159168422654,1.1599414348602295
Collaborative,500,0.0,0.0,0.0,0.0,0.0,0.0,0.0,0.0,0.8164000000000001,0.007103599591597332,21.898136854171753
