Method,N_Users,HR@5,HR@10,MRR,Precision@5,Recall@5,F1@5,NDCG@5,NDCG@10,Diversity,Coverage,Time (s)
Popular,10,0.2,0.2,0.05333333333333333,0.04,0.1,0.05714285714285715,0.05437713091520254,0.05437713091520254,0.9,0.0001303412769100428,0.038445234298706055
Random,10,0.0,0.0,0.0,0.0,0.0,0.0,0.0,0.0,0.96,0.0010861773075836899,0.05172538757324219
Recent,10,0.0,0.0,0.0,0.0,0.0,0.0,0.0,0.0,1.0,0.000108617730758369,0.03361654281616211
Item-kNN,10,0.0,0.0,0.0,0.0,0.0,0.0,0.0,0.0,0.7,0.0006082592922468663,0.05359363555908203
Content-Based,10,0.0,0.0,0.0,0.0,0.0,0.0,0.0,0.0,0.44000000000000006,0.0010427302152803423,0.5170366764068604
Collaborative,10,0.0,0.0,0.0,0.0,0.0,0.0,0.0,0.0,0.76,0.0007820476614602568,0.5112369060516357
Hybrid (Your System),10,0.0,0.0,0.0,0.0,0.0,0.0,0.0,0.0,1.0,0.0008254947537636043,6.934568405151367
