Method,N_Users,HR@5,HR@10,MRR,Precision@5,Recall@5,F1@5,NDCG@5,NDCG@10,Diversity,Coverage,Time (s)
Popular,20,0.15,0.15,0.05166666666666666,0.030000000000000006,0.075,0.04285714285714286,0.046531205819328354,0.046531205819328354,0.9000000000000001,0.00017378836921339038,0.03859090805053711
Hybrid (Your System),20,0.1,0.1,0.029166666666666664,0.02,0.05,0.028571428571428574,0.028532085947766007,0.028532085947766007,1.0,0.0002606825538200856,15.779664754867554
Random,20,0.0,0.0,0.0,0.0,0.0,0.0,0.0,0.0,0.9500000000000002,0.0021723546151673797,0.06421542167663574
Recent,20,0.0,0.0,0.0,0.0,0.0,0.0,0.0,0.0,1.0,0.000108617730758369,0.034854888916015625
Item-kNN,20,0.0,0.0,0.0,0.0,0.0,0.0,0.0,0.0,0.7600000000000001,0.0010210066691286686,0.07679080963134766
Content-Based,20,0.0,0.0,0.0,0.0,0.0,0.0,0.0,0.0,0.4800000000000001,0.001976842699802316,1.0239942073822021
Collaborative,20,0.0,0.0,0.0,0.0,0.0,0.0,0.0,0.0,0.78,0.001390306953707123,0.9466450214385986
