Method,N_Users,HR@5,HR@10,MRR,Precision@5,Recall@5,F1@5,NDCG@5,NDCG@10,Diversity,Coverage,Time (s)
Popular,100,0.12,0.12,0.052000000000000005,0.024,0.06,0.03428571428571429,0.04237197712769296,0.04237197712769296,0.932,0.000217235461516738,0.03679847717285156
Content-Based,100,0.01,0.01,0.002,0.002,0.005,0.0028571428571428576,0.002371977127692962,0.002371977127692962,0.472,0.008146329806877675,5.045560836791992
Random,100,0.0,0.0,0.0,0.0,0.0,0.0,0.0,0.0,0.9760000000000001,0.010774878891230204,0.1620488166809082
Recent,100,0.0,0.0,0.0,0.0,0.0,0.0,0.0,0.0,1.0,0.000108617730758369,0.03226971626281738
Item-kNN,100,0.0,0.0,0.0,0.0,0.0,0.0,0.0,0.0,0.7879999999999999,0.0031933612842960485,0.2583005428314209
Collaborative,100,0.0,0.0,0.0,0.0,0.0,0.0,0.0,0.0,0.7899999999999998,0.003779897030391241,4.426527261734009
Hybrid (Your System),100,0.0,0.0,0.0,0.0,0.0,0.0,0.0,0.0,1.0,0.004496774053396477,69.5808539390564
