Method,N_Users,HR@5,HR@10,MRR,Precision@5,Recall@5,F1@5,NDCG@5,NDCG@10,Diversity,Coverage,Time (s)
Popular,500,0.086,0.086,0.03213333333333333,0.017200000000000003,0.043,0.024571428571428577,0.027856815236363665,0.027856815236363665,0.9316,0.0002824060999717594,0.04146432876586914
Content-Based,500,0.012,0.012,0.006233333333333333,0.0024000000000000002,0.006,0.003428571428571429,0.004681414827276525,0.004681414827276525,0.46520000000000006,0.028892316381726152,26.470043897628784
Random,500,0.002,0.002,0.002,0.0004,0.001,0.0005714285714285715,0.0012262943855309168,0.0012262943855309168,0.9724,0.052636152325505614,0.6589136123657227
Recent,500,0.0,0.0,0.0,0.0,0.0,0.0,0.0,0.0,1.0,0.000108617730758369,0.03667330741882324
Item-kNN,500,0.0,0.0,0.0,0.0,0.0,0.0,0.0,0.0,0.8004000000000001,0.008081159168422654,1.3127095699310303
Collaborative,500,0.0,0.0,0.0,0.0,0.0,0.0,0.0,0.0,0.8164000000000001,0.007103599591597332,23.813271284103394
Hybrid (Your System),500,0.0,0.0,0.0,0.0,0.0,0.0,0.0,0.0,1.0,0.0130992983294593,360.423632144928
