{
  "metric": "engagement_ratio",
  "definition": "Temps pass\u00e9 / Temps disponible depuis premi\u00e8re visite",
  "num_users": 322897,
  "baseline_scenario": {
    "mean_ratio": 0.002189172076434561,
    "median_ratio": 0.0006944444444444445,
    "mean_ratio_pct": 0.21891720764345615,
    "median_ratio_pct": 0.06944444444444445,
    "mean_time_minutes": 16.44638179811725,
    "mean_days_elapsed": 5.198682863912917
  },
  "recommendation_scenario": {
    "mean_ratio": 0.004006184899875247,
    "median_ratio": 0.0012708333333333335,
    "mean_ratio_pct": 0.4006184899875248,
    "median_ratio_pct": 0.12708333333333335,
    "mean_time_minutes": 30.09687869055456,
    "mean_days_elapsed": 5.198682863912917
  },
  "comparison": {
    "baseline_ratio_pct": 0.21891720764345615,
    "reco_ratio_pct": 0.4006184899875248,
    "gain_ratio_pct_absolute": 0.18170128234406865,
    "gain_ratio_pct_relative": 83.00000000000001,
    "baseline_time": 16.44638179811725,
    "reco_time": 30.09687869055456,
    "gain_time_absolute": 13.65049689243731,
    "gain_time_relative": 82.99999999999996
  },
  "revenue_impact": {
    "cpm_popup": 6.0,
    "popup_interval_minutes": 3.55,
    "num_users": 322897,
    "baseline_pubs_per_user": 4.632783605103452,
    "baseline_revenue_per_user": 0.02779670163062071,
    "baseline_revenue_total": 8975.471566422535,
    "reco_pubs_per_user": 8.477993997339313,
    "reco_revenue_per_user": 0.05086796398403588,
    "reco_revenue_total": 16425.112966553235,
    "gain_revenue": 7449.6414001307,
    "gain_revenue_pct": 82.99999999999996
  },
  "user_metrics_summary": {
    "mean_ratio_pct": 0.21891720764345615,
    "median_ratio_pct": 0.06944444444444445,
    "std_ratio_pct": 0.3709025185806094,
    "min_ratio_pct": 0.008704573857504007,
    "max_ratio_pct": 17.273151703737394
  }
}