{
  "total_test_articles": 439379,
  "valid_test_articles_60d": 434538,
  "pct_valid": 98.89821771181599,
  "age_min": -1725.0,
  "age_max": 3422.0,
  "age_mean": -2.032743940880197,
  "age_median": -2.0,
  "age_p75": -1.0,
  "age_p90": 0.0,
  "age_p95": 0.0,
  "age_p99": 85.0,
  "positive_ages_count": 77911,
  "positive_ages_p95": 119.5,
  "positive_ages_p99": 999.8999999999942,
  "recommended_window_days": 120,
  "recommended_window_coverage_pct": 99.11511474148742
}