{
  "best_score": 0.0,
  "best_params": {
    "w_time": 0.4510890415965769,
    "w_clicks": 0.4452142919229749,
    "w_session": 0.19639878836228103,
    "w_device": 0.14782560294561475,
    "w_env": 0.02404167763981929,
    "w_referrer": 0.01935967122017216,
    "w_os": 0.015227525095137952,
    "w_country": 0.08795585311974417,
    "w_region": 0.0641003510568888,
    "content": 0.44161451555920905,
    "collab": 0.2041168988591605,
    "temporal": 0.34398197043239886
  },
  "normalized_weights_level1": {
    "w_time": 0.31083590268549743,
    "w_clicks": 0.30678773713622537,
    "w_session": 0.13533424454483767,
    "w_device": 0.10186349144948231,
    "w_env": 0.016566610762250175,
    "w_referrer": 0.013340339322183,
    "w_os": 0.010492964962882814,
    "w_country": 0.060608515126376265,
    "w_region": 0.044170194010265014
  },
  "normalized_weights_level2": {
    "collab": 0.20623839384564632,
    "content": 0.446204449003988,
    "temporal": 0.34755715715036567
  },
  "config": {
    "n_trials": 30,
    "n_users": 50,
    "n_workers": 12,
    "baseline": 0.2124
  },
  "efficiency_stats": {
    "phase_distribution": {
      "1": 30
    },
    "total_users": 300,
    "max_possible": 1500,
    "efficiency_gain": "80.0%"
  },
  "all_trials": [
    {
      "number": 0,
      "value": 0.0,
      "params": {
        "w_time": 0.4510890415965769,
        "w_clicks": 0.4452142919229749,
        "w_session": 0.19639878836228103,
        "w_device": 0.14782560294561475,
        "w_env": 0.02404167763981929,
        "w_referrer": 0.01935967122017216,
        "w_os": 0.015227525095137952,
        "w_country": 0.08795585311974417,
        "w_region": 0.0641003510568888,
        "content": 0.44161451555920905,
        "collab": 0.2041168988591605,
        "temporal": 0.34398197043239886
      },
      "phase": 1,
      "users_evaluated": 10
    },
    {
      "number": 1,
      "value": 0.0,
      "params": {
        "w_time": 0.6113549242801477,
        "w_clicks": 0.22370173320348286,
        "w_session": 0.08636499344142012,
        "w_device": 0.09384258628094641,
        "w_env": 0.0373818018663584,
        "w_referrer": 0.041485385897934275,
        "w_os": 0.048875051677790424,
        "w_country": 0.036210622617823776,
        "w_region": 0.06506676052501416,
        "content": 0.32789877213040836,
        "collab": 0.2584289297070437,
        "temporal": 0.22327236865873834
      },
      "phase": 1,
      "users_evaluated": 10
    },
    {
      "number": 2,
      "value": 0.0,
      "params": {
        "w_time": 0.47962449447596256,
        "w_clicks": 0.3955527884179041,
        "w_session": 0.08993475643167195,
        "w_device": 0.1368504769937695,
        "w_env": 0.06331731119758383,
        "w_referrer": 0.012787024763199864,
        "w_os": 0.06467903667112945,
        "w_country": 0.02534717113185624,
        "w_region": 0.015854643368675158,
        "content": 0.48977710745066666,
        "collab": 0.3931264066149119,
        "temporal": 0.3116794696232922
      },
      "phase": 1,
      "users_evaluated": 10
    },
    {
      "number": 3,
      "value": 0.0,
      "params": {
        "w_time": 0.4266148192106798,
        "w_clicks": 0.18930163420191518,
        "w_session": 0.1868466053024314,
        "w_device": 0.1272198241861482,
        "w_env": 0.020983441136030095,
        "w_referrer": 0.039710614606676214,
        "w_os": 0.013094966900369657,
        "w_country": 0.09183883618709039,
        "w_region": 0.03329019834400153,
        "content": 0.4325044568707964,
        "collab": 0.2623422152178822,
        "temporal": 0.25401360423556213
      },
      "phase": 1,
      "users_evaluated": 10
    },
    {
      "number": 4,
      "value": 0.0,
      "params": {
        "w_time": 0.511348597770148,
        "w_clicks": 0.21545633665765812,
        "w_session": 0.24391692555291172,
        "w_device": 0.1707672670369449,
        "w_env": 0.09455490474077703,
        "w_referrer": 0.06368964102565894,
        "w_os": 0.06381099809299767,
        "w_country": 0.09296868115208053,
        "w_region": 0.017964325184672756,
        "content": 0.33919657248382906,
        "collab": 0.20904545778210762,
        "temporal": 0.21506606615265286
      },
      "phase": 1,
      "users_evaluated": 10
    },
    {
      "number": 5,
      "value": 0.0,
      "params": {
        "w_time": 0.4560370513913187,
        "w_clicks": 0.2414047095321688,
        "w_session": 0.21574750183038588,
        "w_device": 0.11637793247016662,
        "w_env": 0.03528410587186427,
        "w_referrer": 0.04256176498949491,
        "w_os": 0.02268318024772864,
        "w_country": 0.08219772826786358,
        "w_region": 0.016709557931179377,
        "content": 0.49737738732010345,
        "collab": 0.3544489538593315,
        "temporal": 0.18974313630683448
      },
      "phase": 1,
      "users_evaluated": 10
    },
    {
      "number": 6,
      "value": 0.0,
      "params": {
        "w_time": 0.32193274099326086,
        "w_clicks": 0.40463842853645027,
        "w_session": 0.19137146876952343,
        "w_device": 0.16477093184532837,
        "w_env": 0.07941433120173512,
        "w_referrer": 0.014442679104045422,
        "w_os": 0.042261915568984544,
        "w_country": 0.020428215357261678,
        "w_region": 0.08767930832880343,
        "content": 0.4246596253655116,
        "collab": 0.26617960497052984,
        "temporal": 0.16271167005720472
      },
      "phase": 1,
      "users_evaluated": 10
    },
    {
      "number": 7,
      "value": 0.0,
      "params": {
        "w_time": 0.42884381260048177,
        "w_clicks": 0.2575549966080241,
        "w_session": 0.19592123566761283,
        "w_device": 0.1528824712761777,
        "w_env": 0.0898491468318694,
        "w_referrer": 0.03833289550971696,
        "w_os": 0.020763482134447155,
        "w_country": 0.07419203085006955,
        "w_region": 0.07847065437552077,
        "content": 0.41225543951389926,
        "collab": 0.35419343599091224,
        "temporal": 0.24875911927287814
      },
      "phase": 1,
      "users_evaluated": 10
    },
    {
      "number": 8,
      "value": 0.0,
      "params": {
        "w_time": 0.5029564902836979,
        "w_clicks": 0.28826230550756493,
        "w_session": 0.05508382534881904,
        "w_device": 0.08402588550912958,
        "w_env": 0.012828626711806084,
        "w_referrer": 0.04818462467582683,
        "w_os": 0.038292038296869405,
        "w_country": 0.055771362204823254,
        "w_region": 0.09168098265334837,
        "content": 0.349858445829775,
        "collab": 0.282076584607126,
        "temporal": 0.30111022770860973
      },
      "phase": 1,
      "users_evaluated": 10
    },
    {
      "number": 9,
      "value": 0.0,
      "params": {
        "w_time": 0.4000793579220679,
        "w_clicks": 0.1830939729486379,
        "w_session": 0.10795029058275361,
        "w_device": 0.09095876734302058,
        "w_env": 0.09367278871083158,
        "w_referrer": 0.058487222773865026,
        "w_os": 0.06700633808593812,
        "w_country": 0.0884314531168946,
        "w_region": 0.0823304869209203,
        "content": 0.33731401177720716,
        "collab": 0.3785117996979956,
        "temporal": 0.2578684483831301
      },
      "phase": 1,
      "users_evaluated": 10
    },
    {
      "number": 10,
      "value": 0.0,
      "params": {
        "w_time": 0.5920329940410227,
        "w_clicks": 0.43985859998356674,
        "w_session": 0.14246216952188018,
        "w_device": 0.19119774444853233,
        "w_env": 0.04580142851305691,
        "w_referrer": 0.02654042067728694,
        "w_os": 0.09637936713508782,
        "w_country": 0.06610388667665189,
        "w_region": 0.04893848683344089,
        "content": 0.4476811089450042,
        "collab": 0.20539829516721395,
        "temporal": 0.33916194399474264
      },
      "phase": 1,
      "users_evaluated": 10
    },
    {
      "number": 11,
      "value": 0.0,